Workbook

Sheet Instructions
A1: MedGuard — System Usability Scale (SUS) Data Collection Workbook
A3: Purpose
A4: This workbook is the companion scoring tool for the printed SUS Data Collection Kit (MedGuard_SUS_Kit.docx). Use it to enter each participant's raw responses after a usability session; the 'SUS Scoring' sheet calculates individual and aggregate scores automatically.
A6: How to use this workbook
A7: 1. Run each participant through the five task scenarios and the SUS questionnaire in the printed kit.
A8: 2. Enter that participant's answers into the 'Raw Responses' sheet, one row per participant.
A9: Only cells shaded yellow are meant to be edited; every other cell is a formula — do not overwrite it.
A10: 3. The 'SUS Scoring' sheet updates automatically and reports each participant's SUS score (0–100),
A11: the sample mean and standard deviation, and the adjective rating for the group.
A12: 4. Copy the final 'Mean SUS score', 'Adjective rating' and 'n' values into Chapter 4's usability results
A13: table once real data collection is complete.
A15: Recommended sample
... A25: Do not fabricate or estimate responses. Leave rows blank until a real session has been completed.

Sheet Raw Responses
A1: Participant ID | B1: Role (student/pharmacist/clinic staff) | C1: Date | D1: Q1 | E1: Q2 | F1: Q3 | G1: Q4 | H1: Q5 | I1: Q6 | J1: Q7 | K1: Q8 | L1: Q9 | M1: Q10 | N1: T1 Success (Y/N) | O1: T1 Time (s) | P1: T2 Success (Y/N) | Q1: T2 Time (s) | R1: T3 Success (Y/N) | S1: T3 Time (s) | T1: T4 Success (Y/N) | U1: T4 Time (s) | V1: T5 Success (Y/N) | W1: T5 Time (s) | X1: Notes

Sheet SUS Scoring
A1: Participant ID | B1: Role | C1: SUS Score (0-100) | D1: Above/Below Benchmark (68) | E1: Adjective Rating | F1: Avg Time-on-Task (s) | G1: Tasks Completed (of 5)
A2: ='Raw Responses'!A2 -> 0 | B2: ='Raw Responses'!B2 -> 0 | C2: =IF('Raw Responses'!A2="","",(('Raw Responses'!D2-1)+(5-'Raw Responses'!E2)+('Raw Responses'!F2-1)+(5-'Raw Responses'!G2)+('Raw Responses'!H2-1)+(5-'Raw Responses'!I2)+('Raw Responses'!J2-1)+(5-'Raw Responses'!K2)+('Raw Responses'!L2-1)+(5-'Raw Responses'!M2))*2.5) | D2: =IF(C2="","",IF(C2>=68,"Above","Below")) | E2: =IF(C2="","",IF(C2>=85,"Excellent",IF(C2>=72,"Good",IF(C2>=52,"OK","Poor")))) | F2: =IFERROR(AVERAGE('Raw Responses'!O2,'Raw Responses'!Q2,'Raw Responses'!S2,'Raw Responses'!U2,'Raw Responses'!W2),"") | G2: =COUNTIF('Raw Responses'!N2,"Y")+COUNTIF('Raw Responses'!P2,"Y")+COUNTIF('Raw Responses'!R2,"Y")+COUNTIF('Raw Responses'!T2,"Y")+COUNTIF('Raw Responses'!V2,"Y") -> 0
A3: ='Raw Responses'!A3 -> 0 | B3: ='Raw Responses'!B3 -> 0 | C3: =IF('Raw Responses'!A3="","",(('Raw Responses'!D3-1)+(5-'Raw Responses'!E3)+('Raw Responses'!F3-1)+(5-'Raw Responses'!G3)+('Raw Responses'!H3-1)+(5-'Raw Responses'!I3)+('Raw Responses'!J3-1)+(5-'Raw Responses'!K3)+('Raw Responses'!L3-1)+(5-'Raw Responses'!M3))*2.5) | D3: =IF(C3="","",IF(C3>=68,"Above","Below")) | E3: =IF(C3="","",IF(C3>=85,"Excellent",IF(C3>=72,"Good",IF(C3>=52,"OK","Poor")))) | F3: =IFERROR(AVERAGE('Raw Responses'!O3,'Raw Responses'!Q3,'Raw Responses'!S3,'Raw Responses'!U3,'Raw Responses'!W3),"") | G3: =COUNTIF('Raw Responses'!N3,"Y")+COUNTIF('Raw Responses'!P3,"Y")+COUNTIF('Raw Responses'!R3,"Y")+COUNTIF('Raw Responses'!T3,"Y")+COUNTIF('Raw Responses'!V3,"Y") -> 0
A4: ='Raw Responses'!A4 -> 0 | B4: ='Raw Responses'!B4 -> 0 | C4: =IF('Raw Responses'!A4="","",(('Raw Responses'!D4-1)+(5-'Raw Responses'!E4)+('Raw Responses'!F4-1)+(5-'Raw Responses'!G4)+('Raw Responses'!H4-1)+(5-'Raw Responses'!I4)+('Raw Responses'!J4-1)+(5-'Raw Responses'!K4)+('Raw Responses'!L4-1)+(5-'Raw Responses'!M4))*2.5) | D4: =IF(C4="","",IF(C4>=68,"Above","Below")) | E4: =IF(C4="","",IF(C4>=85,"Excellent",IF(C4>=72,"Good",IF(C4>=52,"OK","Poor")))) | F4: =IFERROR(AVERAGE('Raw Responses'!O4,'Raw Responses'!Q4,'Raw Responses'!S4,'Raw Responses'!U4,'Raw Responses'!W4),"") | G4: =COUNTIF('Raw Responses'!N4,"Y")+COUNTIF('Raw Responses'!P4,"Y")+COUNTIF('Raw Responses'!R4,"Y")+COUNTIF('Raw Responses'!T4,"Y")+COUNTIF('Raw Responses'!V4,"Y") -> 0
A5: ='Raw Responses'!A5 -> 0 | B5: ='Raw Responses'!B5 -> 0 | C5: =IF('Raw Responses'!A5="","",(('Raw Responses'!D5-1)+(5-'Raw Responses'!E5)+('Raw Responses'!F5-1)+(5-'Raw Responses'!G5)+('Raw Responses'!H5-1)+(5-'Raw Responses'!I5)+('Raw Responses'!J5-1)+(5-'Raw Responses'!K5)+('Raw Responses'!L5-1)+(5-'Raw Responses'!M5))*2.5) | D5: =IF(C5="","",IF(C5>=68,"Above","Below")) | E5: =IF(C5="","",IF(C5>=85,"Excellent",IF(C5>=72,"Good",IF(C5>=52,"OK","Poor")))) | F5: =IFERROR(AVERAGE('Raw Responses'!O5,'Raw Responses'!Q5,'Raw Responses'!S5,'Raw Responses'!U5,'Raw Responses'!W5),"") | G5: =COUNTIF('Raw Responses'!N5,"Y")+COUNTIF('Raw Responses'!P5,"Y")+COUNTIF('Raw Responses'!R5,"Y")+COUNTIF('Raw Responses'!T5,"Y")+COUNTIF('Raw Responses'!V5,"Y") -> 0
A6: ='Raw Responses'!A6 -> 0 | B6: ='Raw Responses'!B6 -> 0 | C6: =IF('Raw Responses'!A6="","",(('Raw Responses'!D6-1)+(5-'Raw Responses'!E6)+('Raw Responses'!F6-1)+(5-'Raw Responses'!G6)+('Raw Responses'!H6-1)+(5-'Raw Responses'!I6)+('Raw Responses'!J6-1)+(5-'Raw Responses'!K6)+('Raw Responses'!L6-1)+(5-'Raw Responses'!M6))*2.5) | D6: =IF(C6="","",IF(C6>=68,"Above","Below")) | E6: =IF(C6="","",IF(C6>=85,"Excellent",IF(C6>=72,"Good",IF(C6>=52,"OK","Poor")))) | F6: =IFERROR(AVERAGE('Raw Responses'!O6,'Raw Responses'!Q6,'Raw Responses'!S6,'Raw Responses'!U6,'Raw Responses'!W6),"") | G6: =COUNTIF('Raw Responses'!N6,"Y")+COUNTIF('Raw Responses'!P6,"Y")+COUNTIF('Raw Responses'!R6,"Y")+COUNTIF('Raw Responses'!T6,"Y")+COUNTIF('Raw Responses'!V6,"Y") -> 0
A7: ='Raw Responses'!A7 -> 0 | B7: ='Raw Responses'!B7 -> 0 | C7: =IF('Raw Responses'!A7="","",(('Raw Responses'!D7-1)+(5-'Raw Responses'!E7)+('Raw Responses'!F7-1)+(5-'Raw Responses'!G7)+('Raw Responses'!H7-1)+(5-'Raw Responses'!I7)+('Raw Responses'!J7-1)+(5-'Raw Responses'!K7)+('Raw Responses'!L7-1)+(5-'Raw Responses'!M7))*2.5) | D7: =IF(C7="","",IF(C7>=68,"Above","Below")) | E7: =IF(C7="","",IF(C7>=85,"Excellent",IF(C7>=72,"Good",IF(C7>=52,"OK","Poor")))) | F7: =IFERROR(AVERAGE('Raw Responses'!O7,'Raw Responses'!Q7,'Raw Responses'!S7,'Raw Responses'!U7,'Raw Responses'!W7),"") | G7: =COUNTIF('Raw Responses'!N7,"Y")+COUNTIF('Raw Responses'!P7,"Y")+COUNTIF('Raw Responses'!R7,"Y")+COUNTIF('Raw Responses'!T7,"Y")+COUNTIF('Raw Responses'!V7,"Y") -> 0
A8: ='Raw Responses'!A8 -> 0 | B8: ='Raw Responses'!B8 -> 0 | C8: =IF('Raw Responses'!A8="","",(('Raw Responses'!D8-1)+(5-'Raw Responses'!E8)+('Raw Responses'!F8-1)+(5-'Raw Responses'!G8)+('Raw Responses'!H8-1)+(5-'Raw Responses'!I8)+('Raw Responses'!J8-1)+(5-'Raw Responses'!K8)+('Raw Responses'!L8-1)+(5-'Raw Responses'!M8))*2.5) | D8: =IF(C8="","",IF(C8>=68,"Above","Below")) | E8: =IF(C8="","",IF(C8>=85,"Excellent",IF(C8>=72,"Good",IF(C8>=52,"OK","Poor")))) | F8: =IFERROR(AVERAGE('Raw Responses'!O8,'Raw Responses'!Q8,'Raw Responses'!S8,'Raw Responses'!U8,'Raw Responses'!W8),"") | G8: =COUNTIF('Raw Responses'!N8,"Y")+COUNTIF('Raw Responses'!P8,"Y")+COUNTIF('Raw Responses'!R8,"Y")+COUNTIF('Raw Responses'!T8,"Y")+COUNTIF('Raw Responses'!V8,"Y") -> 0
A9: ='Raw Responses'!A9 -> 0 | B9: ='Raw Responses'!B9 -> 0 | C9: =IF('Raw Responses'!A9="","",(('Raw Responses'!D9-1)+(5-'Raw Responses'!E9)+('Raw Responses'!F9-1)+(5-'Raw Responses'!G9)+('Raw Responses'!H9-1)+(5-'Raw Responses'!I9)+('Raw Responses'!J9-1)+(5-'Raw Responses'!K9)+('Raw Responses'!L9-1)+(5-'Raw Responses'!M9))*2.5) | D9: =IF(C9="","",IF(C9>=68,"Above","Below")) | E9: =IF(C9="","",IF(C9>=85,"Excellent",IF(C9>=72,"Good",IF(C9>=52,"OK","Poor")))) | F9: =IFERROR(AVERAGE('Raw Responses'!O9,'Raw Responses'!Q9,'Raw Responses'!S9,'Raw Responses'!U9,'Raw Responses'!W9),"") | G9: =COUNTIF('Raw Responses'!N9,"Y")+COUNTIF('Raw Responses'!P9,"Y")+COUNTIF('Raw Responses'!R9,"Y")+COUNTIF('Raw Responses'!T9,"Y")+COUNTIF('Raw Responses'!V9,"Y") -> 0
A10: ='Raw Responses'!A10 -> 0 | B10: ='Raw Responses'!B10 -> 0 | C10: =IF('Raw Responses'!A10="","",(('Raw Responses'!D10-1)+(5-'Raw Responses'!E10)+('Raw Responses'!F10-1)+(5-'Raw Responses'!G10)+('Raw Responses'!H10-1)+(5-'Raw Responses'!I10)+('Raw Responses'!J10-1)+(5-'Raw Responses'!K10)+('Raw Responses'!L10-1)+(5-'Raw Responses'!M10))*2.5) | D10: =IF(C10="","",IF(C10>=68,"Above","Below")) | E10: =IF(C10="","",IF(C10>=85,"Excellent",IF(C10>=72,"Good",IF(C10>=52,"OK","Poor")))) | F10: =IFERROR(AVERAGE('Raw Responses'!O10,'Raw Responses'!Q10,'Raw Responses'!S10,'Raw Responses'!U10,'Raw Responses'!W10),"") | G10: =COUNTIF('Raw Responses'!N10,"Y")+COUNTIF('Raw Responses'!P10,"Y")+COUNTIF('Raw Responses'!R10,"Y")+COUNTIF('Raw Responses'!T10,"Y")+COUNTIF('Raw Responses'!V10,"Y") -> 0
A11: ='Raw Responses'!A11 -> 0 | B11: ='Raw Responses'!B11 -> 0 | C11: =IF('Raw Responses'!A11="","",(('Raw Responses'!D11-1)+(5-'Raw Responses'!E11)+('Raw Responses'!F11-1)+(5-'Raw Responses'!G11)+('Raw Responses'!H11-1)+(5-'Raw Responses'!I11)+('Raw Responses'!J11-1)+(5-'Raw Responses'!K11)+('Raw Responses'!L11-1)+(5-'Raw Responses'!M11))*2.5) | D11: =IF(C11="","",IF(C11>=68,"Above","Below")) | E11: =IF(C11="","",IF(C11>=85,"Excellent",IF(C11>=72,"Good",IF(C11>=52,"OK","Poor")))) | F11: =IFERROR(AVERAGE('Raw Responses'!O11,'Raw Responses'!Q11,'Raw Responses'!S11,'Raw Responses'!U11,'Raw Responses'!W11),"") | G11: =COUNTIF('Raw Responses'!N11,"Y")+COUNTIF('Raw Responses'!P11,"Y")+COUNTIF('Raw Responses'!R11,"Y")+COUNTIF('Raw Responses'!T11,"Y")+COUNTIF('Raw Responses'!V11,"Y") -> 0
A12: ='Raw Responses'!A12 -> 0 | B12: ='Raw Responses'!B12 -> 0 | C12: =IF('Raw Responses'!A12="","",(('Raw Responses'!D12-1)+(5-'Raw Responses'!E12)+('Raw Responses'!F12-1)+(5-'Raw Responses'!G12)+('Raw Responses'!H12-1)+(5-'Raw Responses'!I12)+('Raw Responses'!J12-1)+(5-'Raw Responses'!K12)+('Raw Responses'!L12-1)+(5-'Raw Responses'!M12))*2.5) | D12: =IF(C12="","",IF(C12>=68,"Above","Below")) | E12: =IF(C12="","",IF(C12>=85,"Excellent",IF(C12>=72,"Good",IF(C12>=52,"OK","Poor")))) | F12: =IFERROR(AVERAGE('Raw Responses'!O12,'Raw Responses'!Q12,'Raw Responses'!S12,'Raw Responses'!U12,'Raw Responses'!W12),"") | G12: =COUNTIF('Raw Responses'!N12,"Y")+COUNTIF('Raw Responses'!P12,"Y")+COUNTIF('Raw Responses'!R12,"Y")+COUNTIF('Raw Responses'!T12,"Y")+COUNTIF('Raw Responses'!V12,"Y") -> 0
A13: ='Raw Responses'!A13 -> 0 | B13: ='Raw Responses'!B13 -> 0 | C13: =IF('Raw Responses'!A13="","",(('Raw Responses'!D13-1)+(5-'Raw Responses'!E13)+('Raw Responses'!F13-1)+(5-'Raw Responses'!G13)+('Raw Responses'!H13-1)+(5-'Raw Responses'!I13)+('Raw Responses'!J13-1)+(5-'Raw Responses'!K13)+('Raw Responses'!L13-1)+(5-'Raw Responses'!M13))*2.5) | D13: =IF(C13="","",IF(C13>=68,"Above","Below")) | E13: =IF(C13="","",IF(C13>=85,"Excellent",IF(C13>=72,"Good",IF(C13>=52,"OK","Poor")))) | F13: =IFERROR(AVERAGE('Raw Responses'!O13,'Raw Responses'!Q13,'Raw Responses'!S13,'Raw Responses'!U13,'Raw Responses'!W13),"") | G13: =COUNTIF('Raw Responses'!N13,"Y")+COUNTIF('Raw Responses'!P13,"Y")+COUNTIF('Raw Responses'!R13,"Y")+COUNTIF('Raw Responses'!T13,"Y")+COUNTIF('Raw Responses'!V13,"Y") -> 0
... A21: ='Raw Responses'!A21 -> 0 | B21: ='Raw Responses'!B21 -> 0 | C21: =IF('Raw Responses'!A21="","",(('Raw Responses'!D21-1)+(5-'Raw Responses'!E21)+('Raw Responses'!F21-1)+(5-'Raw Responses'!G21)+('Raw Responses'!H21-1)+(5-'Raw Responses'!I21)+('Raw Responses'!J21-1)+(5-'Raw Responses'!K21)+('Raw Responses'!L21-1)+(5-'Raw Responses'!M21))*2.5) | D21: =IF(C21="","",IF(C21>=68,"Above","Below")) | E21: =IF(C21="","",IF(C21>=85,"Excellent",IF(C21>=72,"Good",IF(C21>=52,"OK","Poor")))) | F21: =IFERROR(AVERAGE('Raw Responses'!O21,'Raw Responses'!Q21,'Raw Responses'!S21,'Raw Responses'!U21,'Raw Responses'!W21),"") | G21: =COUNTIF('Raw Responses'!N21,"Y")+COUNTIF('Raw Responses'!P21,"Y")+COUNTIF('Raw Responses'!R21,"Y")+COUNTIF('Raw Responses'!T21,"Y")+COUNTIF('Raw Responses'!V21,"Y") -> 0
A23: Summary statistics
A24: n (completed sessions) | B24: =COUNT(C2:C21) -> 0
A25: Mean SUS score | B25: =IFERROR(AVERAGE(C2:C21),"")
A26: Standard deviation | B26: =IFERROR(STDEV(C2:C21),"")
A27: Minimum | B27: =IFERROR(MIN(C2:C21),"") -> 0
A28: Maximum | B28: =IFERROR(MAX(C2:C21),"") -> 0
A29: Benchmark (Sauro & Lewis, 2016) | B29: 68
A30: Group adjective rating (Bangor et al., 2008) | B30: =IF(COUNT(C2:C21)=0,"",IF(AVERAGE(C2:C21)>=85,"Excellent",IF(AVERAGE(C2:C21)>=72,"Good",IF(AVERAGE(C2:C21)>=52,"OK","Poor"))))
A31: Overall task-completion rate | B31: =IFERROR(AVERAGE(G2:G21)/5,"") -> 0
A32: Note: cells above are blank until real participant data is entered in 'Raw Responses'. No scores have been fabricated.
